1,HTML 教程,http://www.w3school.com.cn/html/index.asp
2,HTML 简介,http://www.w3school.com.cn/html/html_jianjie.asp
3,HTML 编辑器,http://www.w3school.com.cn/html/html_editors.asp
4,HTML 基础 - 四个实例,http://www.w3school.com.cn/html/html_basic.asp
5,HTML 元素,http://www.w3school.com.cn/html/html_elements.asp
6,HTML 属性,http://www.w3school.com.cn/html/html_attributes.asp
7,HTML 标题,http://www.w3school.com.cn/html/html_headings.asp
8,HTML 段落,http://www.w3school.com.cn/html/html_paragraphs.asp
9,HTML 样式 - CSS,http://www.w3school.com.cn/html/html_styles.asp
10,HTML 文本格式化,http://www.w3school.com.cn/html/html_formatting.asp
11,HTML 链接,http://www.w3school.com.cn/html/html_quotation_elements.asp
12,HTML 链接,http://www.w3school.com.cn/html/html_computercode_elements.asp
13,HTML 链接,http://www.w3school.com.cn/html/html_comments.asp
14,HTML 样式 - CSS,http://www.w3school.com.cn/html/html_css.asp
15,HTML 链接,http://www.w3school.com.cn/html/html_links.asp
16,HTML 图像,http://www.w3school.com.cn/html/html_images.asp
17,HTML 表格,http://www.w3school.com.cn/html/html_tables.asp
18,HTML 列表,http://www.w3school.com.cn/html/html_lists.asp
19,HTML &lt;div&gt; 和 &lt;span&gt;,http://www.w3school.com.cn/html/html_blocks.asp
20,HTML 布局,http://www.w3school.com.cn/html/html_classes.asp
21,HTML 布局,http://www.w3school.com.cn/html/html_layout.asp
22,HTML 布局,http://www.w3school.com.cn/html/html_responsive.asp
23,HTML 框架,http://www.w3school.com.cn/html/html_frames.asp
24,HTML Iframe,http://www.w3school.com.cn/html/html_iframe.asp
25,HTML 背景,http://www.w3school.com.cn/html/html_backgrounds.asp
26,HTML 脚本,http://www.w3school.com.cn/html/html_scripts.asp
27,HTML 头部元素,http://www.w3school.com.cn/html/html_head.asp
28,HTML 实体,http://www.w3school.com.cn/html/html_entities.asp
29,HTML 统一资源定位器,http://www.w3school.com.cn/html/html_url.asp
30,HTML URL 编码,http://www.w3school.com.cn/html/html_urlencode.asp
31,HTML Web 服务器,http://www.w3school.com.cn/html/html_webserver.asp
32,HTML 颜色,http://www.w3school.com.cn/html/html_colors.asp
33,HTML 颜色名,http://www.w3school.com.cn/html/html_colornames.asp
34,HTML &lt;!DOCTYPE&gt;,http://www.w3school.com.cn/html/html_doctype.asp
35,HTML 4.01 速查手册,http://www.w3school.com.cn/html/html_quick.asp
36,XHTML 简介,http://www.w3school.com.cn/html/html_xhtml.asp
37,XHTML - 元素,http://www.w3school.com.cn/html/html_xhtml_elements.asp
38,XHTML - 属性,http://www.w3school.com.cn/html/html_xhtml_attributes.asp
39,HTML 表单和输入,http://www.w3school.com.cn/html/html_forms.asp
40,HTML 表单元素,http://www.w3school.com.cn/html/html_form_elements.asp
41,HTML Input 类型,http://www.w3school.com.cn/html/html_form_input_types.asp
42,HTML 输入属性,http://www.w3school.com.cn/html/html_form_attributes.asp
43,HTML5 简介,http://www.w3school.com.cn/html/html5_intro.asp
44,HTML5 浏览器支持,http://www.w3school.com.cn/html/html5_browsers.asp
45,HTML5 视频,http://www.w3school.com.cn/html/html5_new_elements.asp
46,HTML5 Video + DOM,http://www.w3school.com.cn/html/html5_semantic_elements.asp
47,HTML5 音频,http://www.w3school.com.cn/html/html5_migration.asp
48,HTML5 拖放,http://www.w3school.com.cn/html/html5_syntax.asp
49,HTML5 Canvas,http://www.w3school.com.cn/html/html5_canvas.asp
50,HTML5 内联 SVG,http://www.w3school.com.cn/html/html5_svg.asp
51,HTML5 Canvas vs. SVG,http://www.w3school.com.cn/html/html5_canvas_vs_svg.asp
52,HTML 多媒体,http://www.w3school.com.cn/html/html_media.asp
53,HTML Object 元素,http://www.w3school.com.cn/html/html_object.asp
54,HTML 音频,http://www.w3school.com.cn/html/html_audio.asp
55,HTML 视频,http://www.w3school.com.cn/html/html_video.asp
56,HTML5 地理定位,http://www.w3school.com.cn/html/html5_geolocation.asp
57,HTML5 拖放,http://www.w3school.com.cn/html/html5_draganddrop.asp
58,HTML5 Web 存储,http://www.w3school.com.cn/html/html5_webstorage.asp
59,HTML 5 应用程序缓存,http://www.w3school.com.cn/html/html5_app_cache.asp
60,HTML5 Web Workers,http://www.w3school.com.cn/html/html5_webworkers.asp
61,HTML5 服务器发送事件,http://www.w3school.com.cn/html/html5_serversentevents.asp
62,HTML 实例,http://www.w3school.com.cn/example/html_examples.asp
63,HTML 测验,http://www.w3school.com.cn/html/html_quiz.asp
64,HTML 总结,http://www.w3school.com.cn/html/html_summary.asp
65,HTML 4.01 / XHTML 1.0 参考手册,http://www.w3school.com.cn/tags/index.asp
66,HTML 标准属性,http://www.w3school.com.cn/tags/html_ref_standardattributes.asp
67,HTML 事件属性,http://www.w3school.com.cn/tags/html_ref_eventattributes.asp
68,HTML 元素与合法的 Doctype,http://www.w3school.com.cn/tags/html_ref_dtd.asp
69,HTML 颜色名,http://www.w3school.com.cn/tags/html_ref_colornames.asp
70,HTML 字符集,http://www.w3school.com.cn/tags/html_ref_charactersets.asp
71,HTML ASCII 参考手册,http://www.w3school.com.cn/tags/html_ref_ascii.asp
72,HTML ISO-8859-1 参考手册,http://www.w3school.com.cn/tags/html_ref_entities.html
73,HTML 4.01 符号实体,http://www.w3school.com.cn/tags/html_ref_symbols.html
74,HTML URL 编码,http://www.w3school.com.cn/tags/html_ref_urlencode.html
75,HTML 语言代码参考手册,http://www.w3school.com.cn/tags/html_ref_language_codes.asp
76,HTML 状态消息,http://www.w3school.com.cn/tags/html_ref_httpmessages.asp
77,HTML5 教程,http://www.w3school.com.cn/html/index.asp
78,HTML5 参考手册,http://www.w3school.com.cn/tags/index.asp
